"","season","density","intact","preyed","dispersed","lost"
"1","dry","5",0.559067805656248,0.0319399167266696,0.384183795570029,0.0248084820470532
"2","dry","15",0.539074542033659,0.0370584627394984,0.397672950860751,0.0261940443660917
"3","dry","30",0.508408742812723,0.0461323427427279,0.417151918129636,0.0283069963149135
"4","wet","5",0.21031680947629,0.0150963769113067,0.333399421833527,0.441187391778877
"5","wet","15",0.174273742971019,0.0219933578856585,0.316246674422089,0.487486224721234
"6","wet","30",0.127811643525339,0.0376028928675721,0.284065933473376,0.550519530133713
