season,density,intact,preyed,dispersed,lost
dry,5,0.350000411,0.009999223,0.579994442,0.060005924
dry,15,0.313336864,0.07666714,0.583330396,0.0266656
dry,30,0.266666929,0.064998891,0.625001182,0.043332998
wet,5,0.139995829,0.02667303,0.366670315,0.466660826
wet,15,0.213335277,0.01555477,0.297776387,0.473333567
wet,30,0.120000736,0.038887405,0.287778814,0.553333045