"season","density","intact","preyed","dispersed","lost"
"dry","5",0.350000410655448,0.00999922287067282,0.579994442308192,0.0600059241656872
"dry","15",0.31333686396863,0.0766671404507447,0.583330395785802,0.0266655997948238
"dry","30",0.266666928573385,0.0649988914549833,0.625001182082095,0.0433329978895368
"wet","5",0.139995828958151,0.0266730301834573,0.366670314798448,0.466660826059943
"wet","15",0.213335277048093,0.0155547696916102,0.297776386722552,0.473333566537745
"wet","30",0.12000073574276,0.0388874045746326,0.287778814317996,0.553333045364612
